{
  "device":"sargo",
  "sensor":{
    "channels":6,
    "index":[0,1,2,3,4,5],
    "polarity":[1,1,1,1,1,1],
    "hpf":0.1,
    "lpf":[0.062857747, 0.2544972, 0.36529011, 0.2544972, 0.062857747],
    "median":5,
    "freq":50,
    "data_scale":[0.72765, 0.79095, 0.95611, 0.71311, 0.65782, 0.69363],
    "sampling_interval":20000000
  }
}
